1;com.google.pacman.SoundPlayer_eatingDotTwoClass
2;com.google.pacman.SoundPlayer_ambientOneClass
3;com.google.pacman.SoundPlayer_deathDoubleClass
4;com.google.pacman.SoundPlayer_fruitClass
5;com.google.pacman.SoundPlayer_eatingDotOneClass
6;com.google.pacman.SoundPlayer_deathClass
7;com.google.pacman.SoundPlayer_ambientThreeClass
8;com.google.pacman.SoundPlayer_ambientFrightClass
9;com.google.pacman.SoundPlayer_ambientEyesClass
10;com.google.pacman.SoundPlayer_ambientTwoClass
11;com.google.pacman.SoundPlayer_extraLifeClass
12;com.google.pacman.SoundPlayer_startMusicDoubleClass
13;com.google.pacman.SoundPlayer_eatingDotDoubleClass
14;com.google.pacman.SoundPlayer_startMusicClass
15;com.google.pacman.SoundPlayer_eatingGhostClass
16;com.google.pacman.SoundPlayer_ambientFourClass
17;com.google.pacman.SoundPlayer_cutSceneClass
16;com.google.pacman.SoundPlayer_ambientFourClass
14;com.google.pacman.SoundPlayer_startMusicClass
5;com.google.pacman.SoundPlayer_eatingDotOneClass
10;com.google.pacman.SoundPlayer_ambientTwoClass
9;com.google.pacman.SoundPlayer_ambientEyesClass
17;com.google.pacman.SoundPlayer_cutSceneClass
13;com.google.pacman.SoundPlayer_eatingDotDoubleClass
4;com.google.pacman.SoundPlayer_fruitClass
7;com.google.pacman.SoundPlayer_ambientThreeClass
11;com.google.pacman.SoundPlayer_extraLifeClass
15;com.google.pacman.SoundPlayer_eatingGhostClass
12;com.google.pacman.SoundPlayer_startMusicDoubleClass
6;com.google.pacman.SoundPlayer_deathClass
8;com.google.pacman.SoundPlayer_ambientFrightClass
3;com.google.pacman.SoundPlayer_deathDoubleClass
2;com.google.pacman.SoundPlayer_ambientOneClass
1;com.google.pacman.SoundPlayer_eatingDotTwoClass
0;com.google.pacman.SoundPlayer
